,0
vocabmat,"[[ 1.  0.  0. ...,  0.  0.  0.]
 [ 0.  1.  0. ...,  0.  0.  0.]
 [ 0.  0.  1. ...,  0.  0.  0.]
 ..., 
 [ 0.  0.  0. ...,  1.  0.  0.]
 [ 0.  0.  0. ...,  0.  1.  0.]
 [ 0.  0.  0. ...,  0.  0.  1.]]"
ind2word,"{0: 'all', 1: 'yellow', 2: 'leads', 3: 'pictures;', 4: 'hanging', 5: 'go', 6: 'follow', 7: 'chair', 8: 'carpet', 9: 'whose', 10: 'segments', 11: 'to', 12: 'flowered', 13: 'th', 14: 'ti', 15: 'brown', 16: 'very', 17: 'choice', 18: 'util', 19: 'four', 20: 'wooden', 21: 'turns', 22: 'p', 23: 'deadend', 24: 'futon/bench', 25: 'wawya', 26: 'rack', 27: 'teh', 28: 'streets', 29: 'past', 30: 'second', 31: 'street', 32: 'perspective', 33: 'pass', 34: 'click', 35: 'blue', 36: 'interseciton', 37: 'section', 38: 'stool', 39: 'lampshade', 40: 'intersect', 41: 'movement', 42: 'interesction', 43: 'here', 44: 'objects', 45: 'meet', 46: 'directions', 47: 'path', 48: 'along', 49: 'appears', 50: 'colored', 51: 'ahead', 52: 'fwd', 53: 'pics', 54: '90%', 55: 'makes', 56: 'intesection', 57: 'regardless', 58: 'walled/blue', 59: 'wil', 60: 'interesects', 61: 'charred', 62: 'visible', 63: '1st', 64: 'yourself', 65: 'from', 66: 'contains', 67: 'two', 68: 'next', 69: 'few', 70: 'going', 71: '6', 72: 'until', 73: 'containg', 74: 'sort', 75: 'towers', 76: 'brings', 77: 'about', 78: 'olive', 79: 'walled', 80: 'crosses', 81: 'room', 82: 'this', 83: 'florr', 84: 'dthat', 85: 'can', 86: 'following', 87: 'anopther', 88: 'p-6', 89: 'p-7', 90: 'grassy', 91: 'p-3', 92: 'pieces', 93: 'something', 94: 'wood-floored', 95: 'keep', 96: 'pink', 97: 'end', 98: ""'t'"", 99: 'travel', 100: 'six', 101: '1', 102: 'till', 103: 'lamp', 104: 'fourth', 105: 'tile', 106: 'more', 107: 'movements', 108: 'untill', 109: 'blocks', 110: 'may', 111: 'after', 112: 'spot', 113: 'tward', 114: 'blue-tiled', 115: 'a', 116: 'short', 117: 'branches', 118: 'third', 119: 'coat', 120: 'oine', 121: 'aesal', 122: 'so', 123: 'block', 124: 'enter', 125: ""that's"", 126: 'over', 127: 'move', 128: 'course', 129: 'through', 130: 'pink-carpeted', 131: 'still', 132: 'its', 133: 'before', 134: 'carpeted', 135: 'located', 136: 'stone-floored', 137: 'orange', 138: 'covered', 139: 'then', 140: 'junction', 141: 'walls', 142: 'they', 143: 'not', 144: 'now', 145: 'hall', 146: 'easel', 147: 'each', 148: 'crossing', 149: 'side', 150: 'square', 151: 'directly', 152: 'meets', 153: 'series', 154: 'fish', 155: 'lft', 156: 'longetr', 157: 'beyond', 158: 'orient', 159: 'out', 160: 'rt', 161: 'interesection', 162: 'yellow-tiled', 163: 'goi', 164: 'space', 165: 'walked', 166: 'looking', 167: 'contained', 168: '7', 169: 'red', 170: 'rech', 171: 'turning', 172: 'resume', 173: 'hang', 174: 'fave', 175: 'quite', 176: 'pcitures', 177: 'octagon', 178: 'put', 179: 'aisle', 180: 'route', 181: 'times', 182: 'turn', 183: 'butterflies', 184: 'place', 185: 'buterfly', 186: 'tiems', 187: 'onto', 188: 'think', 189: 'first', 190: 'wlak', 191: 'floord', 192: 'conatains', 193: 'red-bricked', 194: 'one', 195: 'juncture', 196: 'floors', 197: 'alleys', 198: 'another', 199: 'blank', 200: 'reached', 201: ""doesn't"", 202: 'leading', 203: 'top', 204: 'tot', 205: 'their', 206: '2', 207: 'too', 208: 'white', 209: 'that', 210: 'flowerd', 211: 'immediate', 212: 'expanse', 213: 'pnk', 214: 'believe', 215: 'than', 216: 'distance', 217: 'conataining', 218: 'was', 219: 'pink-flowered', 220: 'towars', 221: 'grey', 222: 'maybe', 223: 'toward', 224: 'and', 225: 'laft', 226: 'inersection', 227: 'alley', 228: 'winding', 229: 'intersectino', 230: 'have', 231: 'hexagonal', 232: 'intersecting', 233: 'paths', 234: 'efficient', 235: 'furnitute', 236: 'able', 237: 'also', 238: 'take', 239: 'which', 240: 'finding', 241: 'green', 242: 'honeycomb', 243: 'butterfly', 244: 'whe', 245: 'such', 246: 'towards', 247: 'opposite', 248: 'postition', 249: 'object', 250: 'reach', 251: 'most', 252: 'regular', 253: 'interection', 254: 'nothing', 255: 'segment', 256: 'branching', 257: 'coatrack', 258: 'flor', 259: 'segements', 260: 'face', 261: ""you'll"", 262: 'hallwyas', 263: 'painting', 264: 'came', 265: 'tke', 266: 'ending', 267: 'spaces', 268: 'corner', 269: 'find', 270: 'flowers', 271: '3', 272: 'should', 273: 'foward', 274: 'only', 275: 'wood', 276: 'black', 277: 'tilll', 278: 'tinto', 279: 'do', 280: 'tiles', 281: 'hit', 282: 'get', 283: 'hangings', 284: 'stop', 285: 'tiled', 286: 'areas', 287: 'gray', 288: 'bar', 289: 'ended', 290: 'patch', 291: 'twice', 292: 'though', 293: 'contain', 294: 'witht', 295: 'where', 296: 'view', 297: 'segmentsm', 298: 'butterlfy', 299: 'farthest', 300: 'w/', 301: 'ends', 302: 'see', 303: 'bare', 304: 'are', 305: 'carpeting', 306: 'fail', 307: 'closer', 308: 'intersected', 309: 'ways', 310: 'pictures', 311: 'away', 312: 'behind', 313: 'between', 314: 'probably', 315: 'halfway', 316: 'amek', 317: 'opening', 318: 'rock', 319: 'however', 320: 'no', 321: 'key', 322: 'wth', 323: 'come', 324: 'both', 325: 'piece', 326: 'last', 327: 'many', 328: 'against', 329: 'faces', 330: 'epink', 331: 'passing', 332: 'point', 333: 'wall', 334: 'pos', 335: 'walk', 336: 'pole', 337: 'simply', 338: '-floored', 339: 'finally', 340: ""it's"", 341: 'three', 342: 'brick', 343: 'lovely', 344: 'empty', 345: 'direction', 346: 'taek', 347: 'thing', 348: 'those', 349: 'towad', 350: 'antoher', 351: 'look', 352: 'solid', 353: 'plain', 354: 'straight', 355: 'single', 356: 'will', 357: 'near', 358: 'seven', 359: 'almost', 360: 'is', 361: 'it', 362: 'middle', 363: 'in', 364: ""'t's"", 365: 'id', 366: 'if', 367: 'containing', 368: 'unitl', 369: 'make', 370: 'same', 371: 'any', 372: 'shorter', 373: 'corridor', 374: 'monarch', 375: 'several', 376: 'hallway', 377: 'tunr', 378: 'upon', 379: 'cement', 380: 'moving', 381: 'not-butterflies', 382: 'pieaces', 383: 'octagons', 384: 'off', 385: 'i', 386: 'vacant', 387: 'well', 388: 'concrete', 389: 'position', 390: 'the', 391: 'left', 392: 'just', 393: 'hexagonally', 394: 'wiht', 395: 'front', 396: 'farther', 397: 'roack', 398: 'unti', 399: 'followed', 400: 'previous', 401: 'brick-floored', 402: 'hal', 403: 'flooring', 404: 'rose', 405: 'bench', 406: '4', 407: 'has', 408: 'hat', 409: 'around', 410: 'couple', 411: 'possible', 412: 'dark', 413: 'possibly', 414: 'five', 415: 'ahllway', 416: 'immediately', 417: 'intersection', 418: 'pst', 419: 'furniture', 420: 'chairs', 421: 'sofa', 422: 'facing', 423: 'continue', 424: 'steps', 425: 't', 426: 'tower', 427: 'right', 428: 'postion', 429: 'some', 430: 'back', 431: 'dead', 432: 'standing', 433: 'sure', 434: 'images', 435: 'for', 436: 'hallways', 437: 'normal', 438: 'doen', 439: 'exit', 440: 'intersections', 441: 'either', 442: 'locate', 443: 'be', 444: 'lampl', 445: 'continuing', 446: 'perpendicular', 447: 'stem', 448: 'step', 449: 'although', 450: 'by', 451: 'on', 452: 'stone', 453: 'foored', 454: 'of', 455: 'intersection;', 456: 'stand', 457: 'ot', 458: 'or', 459: 'road', 460: 'thre', 461: 'into', 462: 'within', 463: 'down', 464: 'wooden-floored', 465: 'your', 466: 'area', 467: 'there', 468: 'long', 469: 'start', 470: 'way', 471: 'forward', 472: 'sections', 473: 'halls', 474: 'opens', 475: 'head', 476: 'ahllways', 477: 'form', 478: 'but', 479: 'fishy', 480: 'walkway', 481: 'left;', 482: 'with', 483: 'he', 484: 'halllway', 485: 'up', 486: 'placed', 487: 'flooored', 488: 'hatrack', 489: 'grass', 490: 'intersects', 491: 'certain', 492: 'am', 493: 'an', 494: 'as', 495: 'at', 496: 'conatins', 497: 'again', 498: 'floor', 499: 'floored', 500: 'when', 501: 'til', 502: 'roses', 503: 'other', 504: '5', 505: 'branch', 506: 'you', 507: 'bvlue', 508: 'eiffel', 509: 'stay', 510: 'wooden-tiled', 511: 'flower', 512: 'these', 513: 'sides', 514: 'goin', 515: 'butterflys', 516: 'longer', 517: 'together', 518: 'portion', 519: 'spce', 520: 'far', 521: 'whne', 522: 'having', 523: 'once'}"
word2ind,"{'all': 0, 'yellow': 1, 'leads': 2, 'pictures;': 3, 'hanging': 4, 'go': 5, 'follow': 6, 'chair': 7, 'carpet': 8, 'whose': 9, 'segments': 10, 'to': 11, 'finally': 339, 'th': 13, 'ti': 14, 'brown': 15, 'very': 16, 'choice': 17, 'util': 18, 'four': 19, 'wooden': 20, 'turns': 21, 'p': 22, 'walked': 165, 'deadend': 23, 'futon/bench': 24, 'wawya': 25, 'rack': 26, 'teh': 27, 'streets': 28, 'past': 29, 'second': 30, 'street': 31, 'perspective': 32, 'pass': 33, 'click': 34, 'blue': 35, 'interseciton': 36, 'section': 37, 'stool': 38, 'lampshade': 39, 'intersect': 40, 'movement': 41, 'interesction': 42, 'here': 43, 'objects': 44, 'meet': 45, 'directions': 46, 'path': 47, 'along': 48, 'appears': 49, 'colored': 50, 'ahead': 51, 'fwd': 52, 'pics': 53, '90%': 54, 'makes': 55, 'intesection': 56, 'regardless': 57, 'walled/blue': 58, 'wil': 59, 'interesects': 60, 'charred': 61, 'visible': 62, '1st': 63, 'yourself': 64, 'from': 65, 'contains': 66, 'flowered': 12, 'next': 68, 'few': 69, 'going': 70, 'blue-tiled': 114, '6': 71, 'until': 72, 'containg': 73, 'sort': 74, 'towers': 75, 'brings': 76, 'about': 77, 'olive': 78, 'walled': 79, 'crosses': 80, 'room': 81, 'this': 82, 'florr': 83, 'dthat': 84, 'can': 85, 'following': 86, 'anopther': 87, 'p-6': 88, 'p-7': 89, 'grassy': 90, 'p-3': 91, 'pieces': 92, 'something': 93, 'wood-floored': 94, 'keep': 95, 'pink': 96, 'end': 97, ""'t'"": 98, 'travel': 99, 'six': 100, '1': 101, 'till': 102, 'lamp': 103, 'fourth': 104, 'tile': 105, 'more': 106, 'movements': 107, 'untill': 108, 'blocks': 109, 'may': 110, 'after': 111, 'spot': 112, 'tward': 113, 'such': 245, 'a': 115, 'short': 116, 'branches': 117, 'third': 118, 'coat': 119, 'laft': 225, 'aesal': 121, 'so': 122, 'block': 123, 'enter': 124, ""that's"": 125, 'over': 126, 'move': 127, 'ended': 289, 'through': 129, 'pink-carpeted': 130, 'still': 131, 'its': 132, 'before': 133, 'carpeted': 134, 'located': 135, 'stone-floored': 136, 'orange': 137, 'covered': 138, 'then': 139, 'junction': 140, 'walls': 141, 'they': 142, 'not': 143, 'now': 144, 'hall': 145, 'easel': 146, 'each': 147, 'crossing': 148, 'side': 149, 'square': 150, 'directly': 151, 'meets': 152, 'series': 153, 'fish': 154, 'lft': 155, 'longetr': 156, 'beyond': 157, 'orient': 158, 'out': 159, 'rt': 160, 'interesection': 161, 'yellow-tiled': 162, 'goi': 163, 'space': 164, 'spce': 519, 'looking': 166, 'contained': 167, '7': 168, 'red': 169, 'rech': 170, 'turning': 171, 'resume': 172, 'hang': 173, 'fave': 174, 'quite': 175, 'pcitures': 176, 'octagon': 177, 'put': 178, 'aisle': 179, 'route': 180, 'times': 181, 'turn': 182, 'butterflies': 183, 'place': 184, 'buterfly': 185, 'tiems': 186, 'onto': 187, 'think': 188, 'first': 189, 'wlak': 190, 'floord': 191, 'conatains': 192, 'red-bricked': 193, 'one': 194, 'juncture': 195, 'floors': 196, 'alleys': 197, 'another': 198, 'blank': 199, 'reached': 200, ""doesn't"": 201, 'leading': 202, 'top': 203, 'tot': 204, 'their': 205, '2': 206, 'too': 207, 'white': 208, 'that': 209, 'flowerd': 210, 'immediate': 211, 'expanse': 212, 'pnk': 213, 'believe': 214, 'than': 215, 'distance': 216, 'conataining': 217, 'was': 218, 'pink-flowered': 219, 'towars': 220, 'grey': 221, 'standing': 432, 'maybe': 222, 'toward': 223, 'and': 224, 'inersection': 226, 'alley': 227, 'winding': 228, 'intersectino': 229, 'have': 230, 'hexagonal': 231, 'intersecting': 232, 'paths': 233, 'efficient': 234, 'furnitute': 235, 'able': 236, 'also': 237, 'take': 238, 'which': 239, 'finding': 240, 'green': 241, 'honeycomb': 242, 'butterfly': 243, 'whe': 244, 'towards': 246, 'though': 292, 'postition': 248, 'object': 249, 'reach': 250, 'most': 251, 'regular': 252, 'interection': 253, 'nothing': 254, 'segment': 255, 'branching': 256, 'coatrack': 257, 'flor': 258, 'segements': 259, 'face': 260, 'oine': 120, ""you'll"": 261, 'hallwyas': 262, 'painting': 263, 'came': 264, 'tke': 265, 'ending': 266, 'spaces': 267, 'corner': 268, 'find': 269, 'flowers': 270, '3': 271, 'should': 272, 'foward': 273, 'only': 274, 'wood': 275, 'black': 276, 'tilll': 277, 'tinto': 278, 'do': 279, 'tiles': 280, 'hit': 281, 'get': 282, 'hangings': 283, 'stop': 284, 'tiled': 285, 'areas': 286, 'gray': 287, 'bar': 288, 'course': 128, 'patch': 290, 'twice': 291, 'contain': 293, 'witht': 294, 'where': 295, 'view': 296, 'segmentsm': 297, 'butterlfy': 298, 'farthest': 299, 'w/': 300, 'ends': 301, 'opposite': 247, 'see': 302, 'bare': 303, 'are': 304, 'carpeting': 305, 'fail': 306, 'closer': 307, 'intersected': 308, 'ways': 309, 'pictures': 310, 'away': 311, 'behind': 312, 'between': 313, 'probably': 314, 'halfway': 315, 'amek': 316, 'opening': 317, 'rock': 318, 'however': 319, 'no': 320, 'key': 321, 'wth': 322, 'come': 323, 'both': 324, 'piece': 325, 'last': 326, 'many': 327, 'against': 328, 'faces': 329, 'epink': 330, 'passing': 331, 'point': 332, 'wall': 333, 'pos': 334, 'walk': 335, 'pole': 336, 'simply': 337, '-floored': 338, ""it's"": 340, 'three': 341, 'brick': 342, 'lovely': 343, 'empty': 344, 'direction': 345, 'taek': 346, 'thing': 347, 'those': 348, 'towad': 349, 'antoher': 350, 'look': 351, 'solid': 352, 'plain': 353, 'straight': 354, 'single': 355, 'will': 356, 'near': 357, 'seven': 358, 'almost': 359, 'is': 360, 'it': 361, 'middle': 362, 'in': 363, ""'t's"": 364, 'id': 365, 'if': 366, 'containing': 367, 'unitl': 368, 'make': 369, 'same': 370, 'any': 371, 'shorter': 372, 'corridor': 373, 'monarch': 374, 'several': 375, 'hallway': 376, 'tunr': 377, 'upon': 378, 'cement': 379, 'moving': 380, 'not-butterflies': 381, 'pieaces': 382, 'octagons': 383, 'off': 384, 'i': 385, 'vacant': 386, 'well': 387, 'concrete': 388, 'position': 389, 'the': 390, 'left': 391, 'just': 392, 'hexagonally': 393, 'wiht': 394, 'front': 395, 'farther': 396, 'roack': 397, 'unti': 398, 'followed': 399, 'previous': 400, 'brick-floored': 401, 'hal': 402, 'flooring': 403, 'rose': 404, 'bench': 405, '4': 406, 'has': 407, 'hat': 408, 'around': 409, 'couple': 410, 'possible': 411, 'dark': 412, 'possibly': 413, 'five': 414, 'ahllway': 415, 'immediately': 416, 'intersection': 417, 'pst': 418, 'furniture': 419, 'chairs': 420, 'sofa': 421, 'facing': 422, 'continue': 423, 'steps': 424, 't': 425, 'tower': 426, 'right': 427, 'postion': 428, 'some': 429, 'back': 430, 'dead': 431, 'left;': 481, 'sure': 433, 'images': 434, 'for': 435, 'hallways': 436, 'normal': 437, 'doen': 438, 'exit': 439, 'intersections': 440, 'either': 441, 'locate': 442, 'be': 443, 'lampl': 444, 'continuing': 445, 'perpendicular': 446, 'stem': 447, 'step': 448, 'although': 449, 'by': 450, 'on': 451, 'stone': 452, 'foored': 453, 'of': 454, 'intersection;': 455, 'stand': 456, 'ot': 457, 'or': 458, 'road': 459, 'thre': 460, 'into': 461, 'within': 462, 'two': 67, 'down': 463, 'wooden-floored': 464, 'your': 465, 'area': 466, 'there': 467, 'long': 468, 'start': 469, 'way': 470, 'forward': 471, 'sections': 472, 'halls': 473, 'opens': 474, 'head': 475, 'ahllways': 476, 'form': 477, 'but': 478, 'fishy': 479, 'walkway': 480, 'with': 482, 'he': 483, 'halllway': 484, 'up': 485, 'placed': 486, 'flooored': 487, 'hatrack': 488, 'grass': 489, 'intersects': 490, 'certain': 491, 'am': 492, 'an': 493, 'as': 494, 'at': 495, 'conatins': 496, 'again': 497, 'floor': 498, 'floored': 499, 'when': 500, 'til': 501, 'roses': 502, 'other': 503, '5': 504, 'branch': 505, 'you': 506, 'bvlue': 507, 'eiffel': 508, 'stay': 509, 'wooden-tiled': 510, 'flower': 511, 'these': 512, 'sides': 513, 'goin': 514, 'butterflys': 515, 'longer': 516, 'together': 517, 'portion': 518, 'far': 520, 'whne': 521, 'having': 522, 'once': 523}"
wordfreq,"[  3.00407130e-03   4.34799772e-03   3.95272546e-05   3.95272546e-05
   3.95272546e-05   2.58508250e-02   3.95272532e-03   7.19396025e-03
   6.83821505e-03   7.90545091e-05   5.01996139e-03   4.16617244e-02
   2.09494447e-03   7.90545091e-05   3.95272546e-05   5.53381571e-04
   1.18581764e-03   7.90545091e-05   3.95272546e-05   1.58109015e-03
   1.58109015e-03   7.90545091e-05   1.18581760e-04   1.58109018e-04
   3.95272546e-05   3.95272546e-05   2.49021710e-03   2.76690786e-04
   7.90545091e-05   3.47839831e-03   5.13854320e-04   2.76690786e-04
   3.95272546e-05   5.53381571e-04   3.95272546e-05   8.26119632e-03
   3.95272546e-05   6.32436073e-04   2.68785330e-03   3.95272546e-05
   3.55745287e-04   7.11490575e-04   7.90545091e-05   1.38345384e-03
   1.97636269e-04   1.58109018e-04   3.95272546e-05   1.21743940e-02
   4.22941614e-03   7.90545091e-05   3.95272546e-05   2.76690786e-04
   3.95272546e-05   7.90545091e-05   3.95272546e-05   3.95272546e-05
   3.95272546e-05   3.95272546e-05   3.95272546e-05   3.95272546e-05
   3.95272546e-05   3.95272546e-05   1.97636269e-04   3.95272538e-04
   9.09126829e-04   2.09494447e-03   1.30439934e-03   5.41523378e-03
   2.80643511e-03   7.90545091e-05   7.11490575e-04   1.10676314e-03
   6.08719699e-03   3.95272546e-05   7.90545091e-05   4.74327040e-04
   3.95272546e-05   4.74327040e-04   3.95272546e-05   3.95272538e-04
   3.95272546e-05   1.58109018e-04   7.35206902e-03   3.95272546e-05
   3.95272546e-05   1.02770864e-03   7.90545091e-05   3.95272546e-05
   3.95272546e-05   3.95272546e-05   1.18581764e-03   3.95272546e-05
   1.58109018e-04   7.90545091e-05   3.95272546e-05   7.90545077e-04
   3.95272532e-03   1.13443220e-02   2.05541728e-03   7.90545091e-05
   3.95272538e-04   1.14629033e-03   1.34392665e-03   5.13854297e-03
   3.95272546e-05   1.18581760e-04   7.90545091e-05   7.90545091e-05
   3.95272546e-05   3.16218036e-04   3.95272546e-05   4.74327040e-04
   3.55745287e-04   7.90545091e-05   3.16218031e-03   2.17004623e-02
   2.76690786e-04   3.95272546e-05   3.95272546e-05   1.62061746e-03
   3.95272546e-05   8.30072328e-04   2.96454411e-03   1.18581764e-03
   7.90545091e-05   7.90545091e-05   7.90545091e-05   1.23325037e-02
   3.95272546e-05   3.95272546e-05   3.95272546e-05   3.95272546e-05
   1.18581760e-04   3.55745287e-04   1.97636269e-04   7.90545091e-05
   7.90545091e-05   3.95272546e-05   3.95272546e-05   3.67603451e-03
   1.58109018e-04   1.54156296e-03   7.90545091e-05   1.97636269e-04
   4.34799789e-04   2.61275154e-02   8.53788666e-03   1.58109018e-04
   3.95272546e-05   2.41116248e-03   2.76690786e-04   3.95272546e-05
   1.58109018e-04   3.95272546e-05   1.50203565e-03   3.95272546e-05
   3.95272546e-05   1.18581760e-04   8.30072328e-04   2.37163520e-04
   4.34799789e-04   2.37163520e-04   2.01588986e-03   3.95272546e-05
   5.53381571e-04   3.95272546e-05   3.16218036e-04   3.95272546e-05
   9.09126829e-04   5.69192460e-03   3.95272546e-05   2.37163520e-04
   3.95272546e-05   3.95272546e-05   3.95272546e-05   3.95272546e-05
   3.95272546e-05   1.54156296e-03   1.18581760e-04   3.16218036e-04
   3.95272546e-05   2.64832610e-03   3.64046022e-02   1.10676314e-03
   1.69967196e-03   3.95272546e-05   3.95272546e-05   6.00814261e-03
   7.90545091e-05   2.13447167e-03   7.90545091e-05   3.95272546e-05
   3.95272546e-05   3.95272546e-05   1.29254125e-02   1.18581760e-04
   1.34392665e-03   1.06723583e-03   7.90545077e-04   1.18581760e-04
   3.95272546e-05   3.95272546e-05   7.90545091e-05   3.95272546e-05
   7.90545091e-05   3.95272546e-05   1.14629033e-03   3.95272546e-05
   7.90545091e-05   3.04359850e-03   3.95272546e-05   1.97636269e-04
   7.90545091e-05   1.18581760e-04   1.97636269e-04   3.95272546e-05
   1.18581760e-04   3.95272546e-05   3.95272546e-05   2.13447167e-03
   3.95272546e-05   2.41116248e-03   2.37163520e-04   1.62061746e-03
   2.23328993e-02   3.95272546e-05   3.95272546e-05   6.00814261e-03
   3.95272538e-04   3.95272546e-05   7.90545077e-04   7.90545091e-05
   1.18581760e-04   1.18581760e-04   3.95272546e-05   3.95272546e-05
   1.97636269e-04   1.18581760e-04   1.03166131e-02   4.74327040e-04
   3.95272546e-05   2.09494447e-03   7.90545091e-05   9.09126829e-04
   7.90545091e-05   3.95272546e-05   4.74327058e-03   2.37163520e-04
   3.95272546e-05   7.90545091e-05   2.37163529e-03   3.95272546e-05
   3.95272546e-05   7.90545091e-05   7.90545091e-05   7.47065106e-03
   3.95272546e-05   3.95272546e-05   7.90545091e-05   7.90545091e-05
   5.29665221e-03   7.90545091e-05   3.95272546e-05   1.97636269e-04
   1.18581760e-04   3.95272546e-05   3.95272546e-05   4.34799789e-04
   3.59698012e-03   3.55745287e-04   1.97636269e-04   1.26487215e-03
   5.69192460e-03   9.09126829e-04   1.22534484e-03   2.41116248e-03
   3.55745293e-03   3.95272546e-05   3.95272546e-05   1.18581760e-04
   1.58109018e-04   3.16218036e-04   1.62061746e-03   3.95272546e-05
   8.69599578e-04   4.34799789e-04   7.90545091e-05   6.32436073e-04
   3.95272546e-05   3.95272546e-05   1.18581760e-04   2.88548949e-03
   1.18581760e-04   3.16218036e-04   7.90545091e-05   1.54156296e-03
   3.95272546e-05   3.95272546e-05   3.95272546e-05   1.18581760e-04
   1.97636269e-04   7.11490575e-04   3.75508913e-03   2.29258067e-03
   2.68785330e-03   1.18581760e-04   3.95272546e-05   3.95272546e-05
   3.95272546e-05   7.90545091e-05   1.62061746e-03   1.38345384e-03
   7.51017826e-04   7.51017826e-04   1.18581760e-04   3.95272546e-05
   3.95272546e-05   3.95272546e-05   1.18581760e-04   3.95272546e-05
   5.92908822e-04   3.95272546e-05   3.95272546e-05   7.11490575e-04
   1.58109018e-04   1.18581760e-04   1.58109018e-04   3.95272546e-05
   7.90545077e-04   3.95272546e-05   3.95272546e-05   1.97636266e-03
   1.18581760e-04   6.99632382e-03   5.92908822e-04   1.70362461e-02
   7.90545091e-05   3.95272546e-05   3.95272546e-05   3.95272546e-05
   3.95272538e-04   3.00407130e-03   6.44294219e-03   3.95272546e-05
   1.02770864e-03   5.53381571e-04   3.95272546e-05   3.95272546e-05
   7.90545091e-05   3.95272546e-05   3.95272546e-05   5.53381571e-04
   3.95272546e-05   8.69599578e-04   1.93683547e-03   3.95272546e-05
   3.04359850e-03   7.90545091e-05   1.97636269e-04   1.18581760e-04
   1.22929756e-02   3.43887112e-03   9.88181331e-04   6.60105143e-03
   3.95272546e-05   3.95272546e-05   4.34799789e-04   2.13447167e-03
   1.18581760e-04   2.29258067e-03   1.18581760e-04   3.95272546e-05
   2.37163520e-04   4.34799789e-04   3.95272546e-05   3.95272546e-05
   6.24530623e-03   3.95272546e-05   7.90545091e-05   7.51017826e-04
   3.95272546e-05   3.95272546e-05   3.95272546e-05   1.18581760e-04
   1.97636269e-04   3.55745287e-04   3.95272546e-05   3.95272546e-05
   2.45068967e-03   4.07130737e-03   1.27040595e-01   2.84991506e-02
   1.58109018e-04   3.95272546e-05   3.95272546e-05   1.58109015e-03
   1.97636269e-04   3.95272546e-05   3.95272546e-05   3.95272546e-05
   7.90545091e-05   3.95272546e-05   3.95272546e-05   2.05541728e-03
   1.10676314e-03   2.88548949e-03   9.88181331e-04   9.88181331e-04
   8.30072328e-04   2.37163520e-04   3.95272546e-05   3.95272546e-05
   3.95272546e-05   3.95272546e-05   7.11490575e-04   7.90545091e-05
   3.95272546e-05   1.96450446e-02   3.95272546e-05   6.32436073e-04
   3.95272546e-05   9.09126829e-04   1.54156296e-03   1.97636269e-04
   2.76690786e-04   3.95272546e-05   7.90545077e-04   2.65623145e-02
   1.58109018e-04   1.18581760e-04   5.53381536e-03   1.97636266e-03
   1.58109018e-04   3.95272546e-05   3.95272546e-05   5.53381571e-04
   3.16218036e-04   3.95272546e-05   3.95272546e-05   3.95272546e-05
   2.37163520e-04   7.11490575e-04   3.95272546e-05   5.61287021e-03
   3.95272546e-05   3.95272546e-05   1.18581760e-04   3.95272546e-05
   3.95272546e-05   3.95272546e-05   1.18581760e-04   8.22166912e-03
   2.92501668e-03   3.95272546e-05   1.74710471e-02   3.95272546e-05
   7.90545091e-05   7.90545091e-05   1.06723583e-03   4.34799789e-04
   3.95272546e-05   1.58109015e-03   3.95272546e-05   6.91726943e-03
   8.69599578e-04   1.23720309e-02   1.89730816e-03   3.43887112e-03
   1.02770864e-03   7.90545091e-05   3.55745293e-03   2.85782050e-02
   2.37163520e-04   5.53381571e-04   3.95272546e-05   2.37163520e-04
   3.95272546e-05   1.18581760e-04   3.55745287e-04   3.95272546e-05
   1.18581760e-04   7.90545091e-05   1.43483933e-02   7.90545091e-05
   3.95272546e-05   3.16218036e-04   3.95272546e-05   3.95272546e-05
   4.22941614e-03   8.69599578e-04   5.53381571e-04   3.95272546e-05
   3.95272546e-05   3.99225252e-03   5.53381571e-04   1.49017749e-02
   3.95272546e-05   1.06723583e-03   4.78279777e-03   2.88548949e-03
   1.30439934e-03   1.97636269e-04   3.95272546e-05   4.34799789e-04
   1.14629033e-03   2.37163520e-04   1.67595558e-02   3.95272546e-05
   8.69599578e-04   7.90545091e-05   3.95272546e-05   3.95272546e-05
   3.95272546e-05   2.37163520e-04   7.90545091e-05   1.97636269e-04
   7.51017826e-04   3.95272546e-05   1.58109018e-04   3.95272546e-05
   5.13854320e-04   3.95272546e-05   7.90545091e-05   9.01221391e-03]"
volsize,524
